{
  "id": "1938334",
  "name": "Travel",
  "font_family": "iconfont",
  "css_prefix_text": "icon",
  "description": "",
  "glyphs": [
    {
      "icon_id": "8776842",
      "name": "search",
      "font_class": "icon-test",
      "unicode": "e63c",
      "unicode_decimal": 58940
    },
    {
      "icon_id": "8777510",
      "name": "arrow_left",
      "font_class": "icon-test1",
      "unicode": "e658",
      "unicode_decimal": 58968
    },
    {
      "icon_id": "8777603",
      "name": "show_more",
      "font_class": "icon-test2",
      "unicode": "e65c",
      "unicode_decimal": 58972
    }
  ]
}
